{
  "light": {
    "position": [
      10,
      0,
      0
    ],
    "energy": 7000
  },
  "camera": {
    "type": "PERSP",
    "poses": [
      [
        [
          -0.01602780632674694,
          -0.016753558069467545,
          0.9997310638427734,
          27.524971287276898
        ],
        [
          0.9998714327812195,
          -0.00026833394076675177,
          0.016025666147470474,
          0.4412246579582295
        ],
        [
          -1.1852016257307696e-07,
          0.9998595118522644,
          0.016755813732743263,
          -0.05717143059498675
        ],
        [
          0.0,
          0.0,
          0.0,
          1.0
        ]
      ]
    ]
  },
  "scm_noise_values": {
    "obj_1": [
      0.0
    ],
    "obj_2": [
      0.0
    ],
    "obj_3": [
      0.0
    ],
    "pos_1": [
      -1
    ],
    "pos_2": [
      -1
    ],
    "pos_3": [
      -1
    ]
  }
}
